-- MySQL Script generated by MySQL Workbench
-- Sat Jun  1 14:49:18 2024
-- Model: New Model    Version: 1.0
-- MySQL Workbench Forward Engineering

SET @OLD_UNIQUE_CHECKS=@@UNIQUE_CHECKS, UNIQUE_CHECKS=0;
SET @OLD_FOREIGN_KEY_CHECKS=@@FOREIGN_KEY_CHECKS, FOREIGN_KEY_CHECKS=0;
SET @OLD_SQL_MODE=@@SQL_MODE, SQL_MODE='ONLY_FULL_GROUP_BY,STRICT_TRANS_TABLES,NO_ZERO_IN_DATE,NO_ZERO_DATE,ERROR_FOR_DIVISION_BY_ZERO,NO_ENGINE_SUBSTITUTION';

-- -----------------------------------------------------
-- Schema mydb
-- -----------------------------------------------------

-- -----------------------------------------------------
-- Schema mydb
-- -----------------------------------------------------
CREATE SCHEMA IF NOT EXISTS `mydb` DEFAULT CHARACTER SET utf8 ;
USE `mydb` ;

-- -----------------------------------------------------
-- Table `mydb`.`ator`
-- -----------------------------------------------------
DROP TABLE IF EXISTS `mydb`.`ator` ;

CREATE TABLE IF NOT EXISTS `mydb`.`ator` (
  `idator` INT NOT NULL,
  `nome` VARCHAR(45) NOT NULL,
  PRIMARY KEY (`idator`))
ENGINE = InnoDB;


-- -----------------------------------------------------
-- Table `mydb`.`avaliacao`
-- -----------------------------------------------------
DROP TABLE IF EXISTS `mydb`.`avaliacao` ;

CREATE TABLE IF NOT EXISTS `mydb`.`avaliacao` (
  `idavaliacao` INT NOT NULL,
  `nota` INT NOT NULL,
  `comentario` TEXT NULL,
  `espectador_idespectador` INT NOT NULL,
  `filme_idfilme` INT NOT NULL,
  PRIMARY KEY (`idavaliacao`),
  INDEX `fk_avaliacao_clientes1_idx` (`espectador_idespectador` ASC) ,
  INDEX `fk_avaliacao_filmes1_idx` (`filme_idfilme` ASC) ,
  CONSTRAINT `fk_avaliacao_clientes1`
    FOREIGN KEY (`espectador_idespectador`)
    REFERENCES `mydb`.`espectador` (`idespectador`)
    ON DELETE NO ACTION
    ON UPDATE NO ACTION,
  CONSTRAINT `fk_avaliacao_filmes1`
    FOREIGN KEY (`filme_idfilme`)
    REFERENCES `mydb`.`filme` (`idfilme`)
    ON DELETE NO ACTION
    ON UPDATE NO ACTION)
ENGINE = InnoDB;


-- -----------------------------------------------------
-- Table `mydb`.`categoria_do_premio`
-- -----------------------------------------------------
DROP TABLE IF EXISTS `mydb`.`categoria_do_premio` ;

CREATE TABLE IF NOT EXISTS `mydb`.`categoria_do_premio` (
  `idcategoria_do_premio` INT NOT NULL,
  `nome_categoria` VARCHAR(45) NOT NULL,
  PRIMARY KEY (`idcategoria_do_premio`))
ENGINE = InnoDB;


-- -----------------------------------------------------
-- Table `mydb`.`classificacao_indicativa`
-- -----------------------------------------------------
DROP TABLE IF EXISTS `mydb`.`classificacao_indicativa` ;

CREATE TABLE IF NOT EXISTS `mydb`.`classificacao_indicativa` (
  `idclassificacao_indicativa` INT NOT NULL,
  `descricao` VARCHAR(100) NOT NULL,
  `cor` VARCHAR(10) NOT NULL,
  `idade_minima` INT NOT NULL,
  PRIMARY KEY (`idclassificacao_indicativa`))
ENGINE = InnoDB;


-- -----------------------------------------------------
-- Table `mydb`.`diretor`
-- -----------------------------------------------------
DROP TABLE IF EXISTS `mydb`.`diretor` ;

CREATE TABLE IF NOT EXISTS `mydb`.`diretor` (
  `iddiretor` INT NOT NULL,
  `nome` VARCHAR(20) NOT NULL,
  PRIMARY KEY (`iddiretor`))
ENGINE = InnoDB;


-- -----------------------------------------------------
-- Table `mydb`.`dublagem`
-- -----------------------------------------------------
DROP TABLE IF EXISTS `mydb`.`dublagem` ;

CREATE TABLE IF NOT EXISTS `mydb`.`dublagem` (
  `idioma_ididioma` INT NOT NULL,
  `filme_idfilme` INT NOT NULL,
  PRIMARY KEY (`idioma_ididioma`, `filme_idfilme`),
  INDEX `fk_idiomas_has_filmes_filmes1_idx` (`filme_idfilme` ASC) ,
  INDEX `fk_idiomas_has_filmes_idiomas1_idx` (`idioma_ididioma` ASC) ,
  CONSTRAINT `fk_idiomas_has_filmes_idiomas1`
    FOREIGN KEY (`idioma_ididioma`)
    REFERENCES `mydb`.`idioma` (`ididioma`)
    ON DELETE NO ACTION
    ON UPDATE NO ACTION,
  CONSTRAINT `fk_idiomas_has_filmes_filmes1`
    FOREIGN KEY (`filme_idfilme`)
    REFERENCES `mydb`.`filme` (`idfilme`)
    ON DELETE NO ACTION
    ON UPDATE NO ACTION)
ENGINE = InnoDB;


-- -----------------------------------------------------
-- Table `mydb`.`elenco`
-- -----------------------------------------------------
DROP TABLE IF EXISTS `mydb`.`elenco` ;

CREATE TABLE IF NOT EXISTS `mydb`.`elenco` (
  `filme_idfilme` INT NOT NULL,
  `ator_idator` INT NOT NULL,
  PRIMARY KEY (`filme_idfilme`, `ator_idator`),
  INDEX `fk_filmes_has_atores_atores1_idx` (`ator_idator` ASC) ,
  INDEX `fk_filmes_has_atores_filmes1_idx` (`filme_idfilme` ASC) ,
  CONSTRAINT `fk_filmes_has_atores_filmes1`
    FOREIGN KEY (`filme_idfilme`)
    REFERENCES `mydb`.`filme` (`idfilme`)
    ON DELETE NO ACTION
    ON UPDATE NO ACTION,
  CONSTRAINT `fk_filmes_has_atores_atores1`
    FOREIGN KEY (`ator_idator`)
    REFERENCES `mydb`.`ator` (`idator`)
    ON DELETE NO ACTION
    ON UPDATE NO ACTION)
ENGINE = InnoDB;


-- -----------------------------------------------------
-- Table `mydb`.`espectador`
-- -----------------------------------------------------
DROP TABLE IF EXISTS `mydb`.`espectador` ;

CREATE TABLE IF NOT EXISTS `mydb`.`espectador` (
  `idespectador` INT NOT NULL,
  `nome` VARCHAR(25) NOT NULL,
  `idade` INT NOT NULL,
  `n_filmes_assistidos` INT NOT NULL,
  `pais_idpais` INT NOT NULL,
  PRIMARY KEY (`idespectador`),
  INDEX `fk_espectador_pais1_idx` (`pais_idpais` ASC) ,
  CONSTRAINT `fk_espectador_pais1`
    FOREIGN KEY (`pais_idpais`)
    REFERENCES `mydb`.`pais` (`idpais`)
    ON DELETE NO ACTION
    ON UPDATE NO ACTION)
ENGINE = InnoDB;


-- -----------------------------------------------------
-- Table `mydb`.`filme`
-- -----------------------------------------------------
DROP TABLE IF EXISTS `mydb`.`filme` ;

CREATE TABLE IF NOT EXISTS `mydb`.`filme` (
  `idfilme` INT NOT NULL,
  `nome` VARCHAR(45) NOT NULL,
  `duracao` INT NOT NULL,
  `ano_lancamento` INT(4) NOT NULL,
  `descricao` TEXT NOT NULL,
  `classificacao_indicativa_idclassificacao_indicativa` INT NOT NULL,
  `produtora_idprodutora` INT NOT NULL,
  `diretor_principal_iddiretor` INT NOT NULL,
  `roteirista_principal_idroteirista` INT NOT NULL,
  PRIMARY KEY (`idfilme`),
  INDEX `fk_filmes_classificacao_indicativa1_idx` (`classificacao_indicativa_idclassificacao_indicativa` ASC) ,
  INDEX `fk_filmes_produtora1_idx` (`produtora_idprodutora` ASC) ,
  INDEX `fk_filmes_diretor1_idx` (`diretor_principal_iddiretor` ASC) ,
  INDEX `fk_filmes_roteiristas1_idx` (`roteirista_principal_idroteirista` ASC) ,
  CONSTRAINT `fk_filmes_classificacao_indicativa1`
    FOREIGN KEY (`classificacao_indicativa_idclassificacao_indicativa`)
    REFERENCES `mydb`.`classificacao_indicativa` (`idclassificacao_indicativa`)
    ON DELETE NO ACTION
    ON UPDATE NO ACTION,
  CONSTRAINT `fk_filmes_produtora1`
    FOREIGN KEY (`produtora_idprodutora`)
    REFERENCES `mydb`.`produtora` (`idprodutora`)
    ON DELETE NO ACTION
    ON UPDATE NO ACTION,
  CONSTRAINT `fk_filmes_diretor1`
    FOREIGN KEY (`diretor_principal_iddiretor`)
    REFERENCES `mydb`.`diretor` (`iddiretor`)
    ON DELETE NO ACTION
    ON UPDATE NO ACTION,
  CONSTRAINT `fk_filmes_roteiristas1`
    FOREIGN KEY (`roteirista_principal_idroteirista`)
    REFERENCES `mydb`.`roteirista` (`idroteirista`)
    ON DELETE NO ACTION
    ON UPDATE NO ACTION)
ENGINE = InnoDB;


-- -----------------------------------------------------
-- Table `mydb`.`filme_has_genero`
-- -----------------------------------------------------
DROP TABLE IF EXISTS `mydb`.`filme_has_genero` ;

CREATE TABLE IF NOT EXISTS `mydb`.`filme_has_genero` (
  `filme_idfilmes` INT NOT NULL,
  `genero_idgenero` INT NOT NULL,
  PRIMARY KEY (`filme_idfilmes`, `genero_idgenero`),
  INDEX `fk_filmes_has_generos_generos1_idx` (`genero_idgenero` ASC) ,
  INDEX `fk_filmes_has_generos_filmes1_idx` (`filme_idfilmes` ASC) ,
  CONSTRAINT `fk_filmes_has_generos_filmes1`
    FOREIGN KEY (`filme_idfilmes`)
    REFERENCES `mydb`.`filme` (`idfilme`)
    ON DELETE NO ACTION
    ON UPDATE NO ACTION,
  CONSTRAINT `fk_filmes_has_generos_generos1`
    FOREIGN KEY (`genero_idgenero`)
    REFERENCES `mydb`.`genero` (`idgenero`)
    ON DELETE NO ACTION
    ON UPDATE NO ACTION)
ENGINE = InnoDB;


-- -----------------------------------------------------
-- Table `mydb`.`genero`
-- -----------------------------------------------------
DROP TABLE IF EXISTS `mydb`.`genero` ;

CREATE TABLE IF NOT EXISTS `mydb`.`genero` (
  `idgenero` INT NOT NULL,
  `nome` VARCHAR(20) NOT NULL,
  PRIMARY KEY (`idgenero`))
ENGINE = InnoDB;


-- -----------------------------------------------------
-- Table `mydb`.`idioma`
-- -----------------------------------------------------
DROP TABLE IF EXISTS `mydb`.`idioma` ;

CREATE TABLE IF NOT EXISTS `mydb`.`idioma` (
  `ididioma` INT NOT NULL,
  `nome_idioma` VARCHAR(45) NOT NULL,
  PRIMARY KEY (`ididioma`))
ENGINE = InnoDB;


-- -----------------------------------------------------
-- Table `mydb`.`legenda`
-- -----------------------------------------------------
DROP TABLE IF EXISTS `mydb`.`legenda` ;

CREATE TABLE IF NOT EXISTS `mydb`.`legenda` (
  `idioma_ididioma` INT NOT NULL,
  `filme_idfilme` INT NOT NULL,
  PRIMARY KEY (`idioma_ididioma`, `filme_idfilme`),
  INDEX `fk_idiomas_has_filmes_filmes2_idx` (`filme_idfilme` ASC) ,
  INDEX `fk_idiomas_has_filmes_idiomas2_idx` (`idioma_ididioma` ASC) ,
  CONSTRAINT `fk_idiomas_has_filmes_idiomas2`
    FOREIGN KEY (`idioma_ididioma`)
    REFERENCES `mydb`.`idioma` (`ididioma`)
    ON DELETE NO ACTION
    ON UPDATE NO ACTION,
  CONSTRAINT `fk_idiomas_has_filmes_filmes2`
    FOREIGN KEY (`filme_idfilme`)
    REFERENCES `mydb`.`filme` (`idfilme`)
    ON DELETE NO ACTION
    ON UPDATE NO ACTION)
ENGINE = InnoDB;


-- -----------------------------------------------------
-- Table `mydb`.`pais`
-- -----------------------------------------------------
DROP TABLE IF EXISTS `mydb`.`pais` ;

CREATE TABLE IF NOT EXISTS `mydb`.`pais` (
  `idpais` INT NOT NULL,
  `nome` VARCHAR(25) NOT NULL,
  PRIMARY KEY (`idpais`))
ENGINE = InnoDB;


-- -----------------------------------------------------
-- Table `mydb`.`premio`
-- -----------------------------------------------------
DROP TABLE IF EXISTS `mydb`.`premio` ;

CREATE TABLE IF NOT EXISTS `mydb`.`premio` (
  `idpremio` INT NOT NULL,
  `nome` VARCHAR(20) NOT NULL,
  `ano` INT(4) NOT NULL,
  `categoria_idcategoria_do_premio` INT NOT NULL,
  `elenco_filme_idfilme` INT NULL,
  `elenco_ator_idator` INT NULL,
  `ator_idator` INT NULL,
  `diretor_iddiretor` INT NULL,
  `roteirista_idroteirista` INT NULL,
  `produtora_idprodutora` INT NULL,
  `filme_idfilme` INT NOT NULL,
  PRIMARY KEY (`idpremio`),
  INDEX `fk_premios_categoria_do_premio1_idx` (`categoria_idcategoria_do_premio` ASC) ,
  INDEX `fk_premios_Elenco1_idx` (`elenco_filme_idfilme` ASC, `elenco_ator_idator` ASC) ,
  INDEX `fk_premios_atores1_idx` (`ator_idator` ASC) ,
  INDEX `fk_premios_diretores1_idx` (`diretor_iddiretor` ASC) ,
  INDEX `fk_premios_roteiristas1_idx` (`roteirista_idroteirista` ASC) ,
  INDEX `fk_premios_produtora1_idx` (`produtora_idprodutora` ASC) ,
  INDEX `fk_premios_filmes1_idx` (`filme_idfilme` ASC) ,
  CONSTRAINT `fk_premios_categoria_do_premio1`
    FOREIGN KEY (`categoria_idcategoria_do_premio`)
    REFERENCES `mydb`.`categoria_do_premio` (`idcategoria_do_premio`)
    ON DELETE NO ACTION
    ON UPDATE NO ACTION,
  CONSTRAINT `fk_premios_Elenco1`
    FOREIGN KEY (`elenco_filme_idfilme` , `elenco_ator_idator`)
    REFERENCES `mydb`.`elenco` (`filme_idfilme` , `ator_idator`)
    ON DELETE NO ACTION
    ON UPDATE NO ACTION,
  CONSTRAINT `fk_premios_atores1`
    FOREIGN KEY (`ator_idator`)
    REFERENCES `mydb`.`ator` (`idator`)
    ON DELETE NO ACTION
    ON UPDATE NO ACTION,
  CONSTRAINT `fk_premios_diretores1`
    FOREIGN KEY (`diretor_iddiretor`)
    REFERENCES `mydb`.`diretor` (`iddiretor`)
    ON DELETE NO ACTION
    ON UPDATE NO ACTION,
  CONSTRAINT `fk_premios_roteiristas1`
    FOREIGN KEY (`roteirista_idroteirista`)
    REFERENCES `mydb`.`roteirista` (`idroteirista`)
    ON DELETE NO ACTION
    ON UPDATE NO ACTION,
  CONSTRAINT `fk_premios_produtora1`
    FOREIGN KEY (`produtora_idprodutora`)
    REFERENCES `mydb`.`produtora` (`idprodutora`)
    ON DELETE NO ACTION
    ON UPDATE NO ACTION,
  CONSTRAINT `fk_premios_filmes1`
    FOREIGN KEY (`filme_idfilme`)
    REFERENCES `mydb`.`filme` (`idfilme`)
    ON DELETE NO ACTION
    ON UPDATE NO ACTION)
ENGINE = InnoDB;


-- -----------------------------------------------------
-- Table `mydb`.`produtora`
-- -----------------------------------------------------
DROP TABLE IF EXISTS `mydb`.`produtora` ;

CREATE TABLE IF NOT EXISTS `mydb`.`produtora` (
  `idprodutora` INT NOT NULL,
  `nome` VARCHAR(40) NOT NULL,
  `pais_sede_idpais` INT NOT NULL,
  PRIMARY KEY (`idprodutora`),
  UNIQUE INDEX `nome_UNIQUE` (`nome` ASC) ,
  INDEX `fk_produtora_pais1_idx` (`pais_sede_idpais` ASC) ,
  CONSTRAINT `fk_produtora_pais1`
    FOREIGN KEY (`pais_sede_idpais`)
    REFERENCES `mydb`.`pais` (`idpais`)
    ON DELETE NO ACTION
    ON UPDATE NO ACTION)
ENGINE = InnoDB;


-- -----------------------------------------------------
-- Table `mydb`.`roteirista`
-- -----------------------------------------------------
DROP TABLE IF EXISTS `mydb`.`roteirista` ;

CREATE TABLE IF NOT EXISTS `mydb`.`roteirista` (
  `idroteirista` INT NOT NULL,
  `nome` VARCHAR(20) NOT NULL,
  PRIMARY KEY (`idroteirista`))
ENGINE = InnoDB;


INSERT INTO `mydb`.`roteirista` (`idroteirista`, `nome`) VALUES
(1, 'Quentin Tarantino'),
(2, 'Christopher Nolan'),
(3, 'Aaron Sorkin'),
(4, 'Greta Gerwig'),
(5, 'Charlie Kaufman'),
(6, 'Jordan Peele'),
(7, 'Wes Anderson'),
(8, 'Sofia Coppola'),
(9, 'Noah Baumbach'),
(10, 'Guillermo del Toro');

INSERT INTO `mydb`.`ator` (`idator`, `nome`) VALUES
(1, 'Robert Downey Jr.'),
(2, 'Chris Evans'),
(3, 'Scarlett Johansson'),
(4, 'Mark Ruffalo'),
(5, 'Chris Hemsworth'),
(6, 'Jeremy Renner'),
(7, 'Tom Hiddleston'),
(8, 'Paul Rudd'),
(9, 'Brie Larson'),
(10, 'Benedict Cumberbatch'),
(11, 'Chadwick Boseman'),
(12, 'Elizabeth Olsen'),
(13, 'Tom Holland'),
(14, 'Zoe Saldana'),
(15, 'Karen Gillan'),
(16, 'Josh Brolin'),
(17, 'Chris Pratt'),
(18, 'Dave Bautista'),
(19, 'Bradley Cooper'),
(20, 'Vin Diesel'),
(21, 'Samuel L. Jackson'),
(22, 'Anthony Mackie'),
(23, 'Sebastian Stan'),
(24, 'Don Cheadle'),
(25, 'Gwyneth Paltrow'),
(26, 'Letitia Wright'),
(27, 'Danai Gurira'),
(28, 'Pom Klementieff'),
(29, 'Tessa Thompson'),
(30, 'Evangeline Lilly');

INSERT INTO `mydb`.`categoria_do_premio` (`idcategoria_do_premio`, `nome_categoria`) VALUES
(1, 'Melhor Filme'),
(2, 'Melhor Ator'),
(3, 'Melhor Atriz'),
(4, 'Melhor Diretor'),
(5, 'Melhor Roteiro'),
(6, 'Melhor Elenco'),
(7, 'Melhor Fotografia'),
(8, 'Melhor Edição'),
(9, 'Melhor Trilha Sonora'),
(10, 'Melhor Filme Estrangeiro');


INSERT INTO `mydb`.`classificacao_indicativa` (`idclassificacao_indicativa`, `idade_minima`, `cor`, `descricao`) VALUES
(1, 0, 'Verde', 'Livre para todos os públicos'),
(2, 10, 'Azul', 'Não recomendado para menores de 10 anos'),
(3, 12, 'Amarelo', 'Não recomendado para menores de 12 anos'),
(4, 14, 'Laranja', 'Não recomendado para menores de 14 anos'),
(5, 16, 'Vermelho', 'Não recomendado para menores de 16 anos'),
(6, 18, 'Preto', 'Não recomendado para menores de 18 anos');


INSERT INTO `mydb`.`diretor` (`iddiretor`, `nome`) VALUES
(1, 'Quentin Tarantino'),
(2, 'Christopher Nolan'),
(3, 'David Fincher'),
(4, 'Greta Gerwig'),
(5, 'Michel Gondry'),
(6, 'Jordan Peele'),
(7, 'Wes Anderson'),
(8, 'Sofia Coppola'),
(9, 'Noah Baumbach'),
(10, 'Guillermo del Toro');


INSERT INTO `mydb`.`genero` (`idgenero`, `nome`) VALUES
(1, 'Ação'),
(2, 'Comédia'),
(3, 'Drama'),
(4, 'Ficção Científica'),
(5, 'Fantasia'),
(6, 'Terror'),
(7, 'Romance'),
(8, 'Aventura'),
(9, 'Animação'),
(10, 'Documentário');

INSERT INTO `mydb`.`pais` (`idpais`, `nome`) VALUES
(1, 'Estados Unidos'),
(2, 'Espanha'),
(3, 'França'),
(4, 'Alemanha'),
(5, 'Itália'),
(6, 'Portugal'),
(7, 'Rússia'),
(8, 'Japão'),
(9, 'China'),
(10, 'Coreia do Sul'),
(11, 'Arábia Saudita'),
(12, 'Índia'),
(13, 'Bangladesh'),
(14, 'Turquia'),
(15, 'Vietnã');

INSERT INTO `mydb`.`idioma` (`ididioma`, `nome_idioma`) VALUES
(1, 'Inglês'),
(2, 'Espanhol'),
(3, 'Francês'),
(4, 'Alemão'),
(5, 'Italiano'),
(6, 'Português'),
(7, 'Russo'),
(8, 'Japonês'),
(9, 'Chinês'),
(10, 'Coreano'),
(11, 'Árabe'),
(12, 'Hindi'),
(13, 'Bengali'),
(14, 'Turco'),
(15, 'Vietnamita');

INSERT INTO `mydb`.`produtora` (`idprodutora`, `nome`, `pais_sede_idpais`) VALUES
(1, 'A Band Apart', 1), 
(2, 'Syncopy', 1), 
(3, 'West Wing Studios', 1), 
(4, 'Heyday Films', 1), 
(5, 'Kaufman Astoria Studios', 1), 
(6, 'Monkeypaw Productions', 1),
(7, 'American Empirical Pictures', 1), 
(8, 'American Zoetrope', 1), 
(9, 'Frances Ha Films', 1), 
(10, 'Double Dare You Productions', 1), 
(11, 'Studio Ghibli', 8), 
(12, 'Toho', 8), 
(13, 'Pathé', 3), 
(14, 'EuropaCorp', 3), 
(15, 'Constantin Film', 4),
(16, 'Cattleya', 5),
(17, 'Mediapro', 2), 
(18, 'Miramax', 1), 
(19, 'Warner Bros. Pictures', 1), 
(20, 'Universal Pictures', 1);

SET SQL_MODE=@OLD_SQL_MODE;
SET FOREIGN_KEY_CHECKS=@OLD_FOREIGN_KEY_CHECKS;
SET UNIQUE_CHECKS=@OLD_UNIQUE_CHECKS;




